City_ID,City,Country,Lat,Lng,Max Temp,Humidity,Cloudiness,Wind Speed,Current Description
0,Bluff,NZ,-46.6,168.3333,59.81,61,45,9.48,scattered clouds
1,Mataura,NZ,-46.1927,168.8643,59.49,40,11,7.7,few clouds
2,Rikitea,PF,-23.1203,-134.9692,78.76,71,100,10.11,overcast clouds
3,Hermanus,ZA,-34.4187,19.2345,84.9,62,49,6.13,scattered clouds
4,Jamestown,US,42.097,-79.2353,22.71,63,100,11.5,overcast clouds
5,Belyy Yar,RU,53.6039,91.3903,-9.51,91,75,0.0,mist
6,Carnarvon,AU,-24.8667,113.6333,109.47,5,4,17.27,clear sky
7,Georgetown,MY,5.4112,100.3354,82.33,81,20,3.44,few clouds
8,Port Hardy,CA,50.6996,-127.4199,39.76,100,75,3.44,broken clouds
9,Vanavara,RU,60.34,102.2797,-12.82,100,100,1.59,overcast clouds
10,Arraial Do Cabo,BR,-22.9661,-42.0278,75.2,89,83,17.2,broken clouds
11,Vostok,RU,46.4856,135.8833,5.22,86,20,3.13,few clouds
12,Vila Franca Do Campo,PT,37.7167,-25.4333,58.19,73,95,5.5,overcast clouds
13,Longyearbyen,SJ,78.2186,15.6401,30.04,59,40,3.44,scattered clouds
14,Pevek,RU,69.7008,170.3133,-27.09,93,100,9.86,overcast clouds
15,Grootfontein,Namibia,-19.5667,18.1167,62.17,63,92,3.44,overcast clouds
16,Ushuaia,AR,-54.8,-68.3,46.06,93,75,16.11,broken clouds
17,Tuatapere,NZ,-46.1333,167.6833,59.83,59,12,8.97,few clouds
18,Albany,US,42.6001,-73.9662,19.31,71,96,1.01,overcast clouds
19,Port Alfred,ZA,-33.5906,26.891,71.17,72,0,26.51,clear sky
20,Ribeira Grande,PT,38.5167,-28.7,59.18,60,63,9.98,broken clouds
21,Terenos,BR,-20.4422,-54.8603,76.71,88,0,3.44,clear sky
22,Lima Duarte,BR,-21.8425,-43.7931,60.28,96,26,1.86,scattered clouds
23,Kharitonovo,RU,61.4009,47.4978,1.38,99,88,2.39,overcast clouds
24,College,US,64.8569,-147.8028,8.92,85,0,0.0,clear sky
25,Nanortalik,GL,60.1432,-45.2371,12.99,66,84,7.92,broken clouds
26,Kapaa,US,22.0752,-159.319,78.78,82,100,1.01,moderate rain
27,Najran,SA,17.4924,44.1277,45.25,67,72,1.12,broken clouds
28,Tabou,CI,4.423,-7.3528,76.8,83,4,6.15,clear sky
29,Busselton,AU,-33.65,115.3333,95.04,36,4,8.1,clear sky
30,Defiance,US,41.3334,-84.45,27.61,69,92,11.05,overcast clouds
31,Nipawin,CA,53.3668,-104.0009,-12.96,77,0,5.75,clear sky
32,Bethel,US,41.3712,-73.414,25.56,80,96,1.99,overcast clouds
33,Tondano,ID,1.3038,124.9112,80.69,65,81,4.65,broken clouds
34,Puerto Ayora,EC,-0.7393,-90.3518,73.09,89,82,6.08,broken clouds
35,Ifakara,TZ,-8.1333,36.6833,70.66,98,100,4.03,light rain
36,Hobart,AU,-42.8794,147.3294,87.26,44,0,1.99,clear sky
37,Sinnamary,GF,5.3833,-52.95,76.03,86,100,5.64,overcast clouds
38,Boca Do Acre,BR,-8.7522,-67.3978,73.04,99,95,3.13,overcast clouds
39,Airai,TL,-8.9266,125.4092,74.03,60,75,3.6,broken clouds
40,Saskylakh,RU,71.9167,114.0833,2.93,97,100,3.27,overcast clouds
41,Coquimbo,CL,-29.9533,-71.3436,64.26,74,0,3.33,clear sky
42,Xichang,CN,27.8964,102.2634,46.02,78,94,2.71,overcast clouds
43,Provideniya,RU,64.3833,-173.3,-2.18,100,100,5.46,overcast clouds
44,Atuona,PF,-9.8,-139.0333,78.82,74,21,18.5,few clouds
45,Thompson,CA,55.7435,-97.8558,-18.24,69,0,10.36,clear sky
46,Faanui,PF,-16.4833,-151.75,81.23,75,100,14.5,overcast clouds
47,Ponta Do Sol,PT,32.6667,-17.1,63.72,76,23,3.51,few clouds
48,Fortuna,US,40.5982,-124.1573,55.18,76,0,6.42,clear sky
49,Ostrovnoy,RU,68.0531,39.5131,18.46,89,99,30.96,overcast clouds
50,Atasu,KZ,48.6814,71.6433,8.06,88,100,2.42,overcast clouds
51,Zhuhai,CN,22.2769,113.5678,73.9,88,40,4.61,scattered clouds
52,Kodiak,US,57.79,-152.4072,38.03,96,100,4.45,overcast clouds
53,Lokoja,NG,7.8024,6.743,75.27,25,5,1.03,clear sky
54,Sanmenxia,CN,34.7747,111.1814,35.58,72,100,7.52,overcast clouds
55,Eirunepe,BR,-6.6603,-69.8736,70.81,99,74,2.37,broken clouds
56,Chuy,UY,-33.6971,-53.4616,73.99,95,82,8.88,very heavy rain
57,Saint-Pierre,RE,-21.3393,55.4781,80.24,83,40,6.91,scattered clouds
58,Westport,US,41.1415,-73.3579,28.22,76,0,8.99,clear sky
59,Chokurdakh,RU,70.6333,147.9167,-15.84,98,100,5.95,overcast clouds
60,Amahai,ID,-3.3333,128.9167,86.97,59,24,4.23,few clouds
61,Vilyuysk,RU,63.7553,121.6247,-13.11,98,46,5.97,scattered clouds
62,Puri,IN,19.8,85.85,70.32,68,0,6.93,clear sky
63,Murray Bridge,AU,-35.1167,139.2667,74.46,86,100,9.1,light rain
64,Mar Del Plata,AR,-38.0023,-57.5575,73.09,97,100,11.01,overcast clouds
65,Saint George,US,37.1041,-113.5841,50.47,40,0,4.0,clear sky
66,Constitucion,CL,-35.3333,-72.4167,56.12,90,1,11.7,clear sky
67,Khajuraho,IN,24.85,79.9333,63.0,71,0,2.84,clear sky
68,Kedougou,SN,12.5579,-12.1743,72.21,17,63,4.25,broken clouds
69,Panaba,MX,21.2833,-88.2667,70.12,93,13,6.82,few clouds
70,Castro,BR,-24.7911,-50.0119,66.34,83,0,2.21,clear sky
71,Bonthe,SL,7.5264,-12.505,75.94,80,0,4.34,clear sky
72,Vaini,TO,-21.2,-175.2,86.16,74,20,13.8,few clouds
73,Esperance,AU,-33.8667,121.9,82.24,56,11,11.54,few clouds
74,Hilo,US,19.7297,-155.09,77.25,74,35,1.99,scattered clouds
75,Malpe,IN,13.35,74.7167,72.7,77,6,4.29,clear sky
76,Iqaluit,CA,63.7506,-68.5145,-0.31,64,100,5.01,light snow
77,Punta Arenas,CL,-53.15,-70.9167,50.11,76,75,6.91,broken clouds
78,Husainabad,IN,24.5333,84.0167,62.19,68,92,4.03,overcast clouds
79,Bubaque,GW,11.2833,-15.8333,78.3,71,16,8.55,few clouds
80,Oistins,BB,13.0667,-59.5333,75.29,73,40,12.66,scattered clouds
81,Qaanaaq,GL,77.484,-69.3632,-10.91,74,100,7.27,overcast clouds
82,Hithadhoo,MV,-0.6,73.0833,82.33,71,84,16.71,broken clouds
83,East London,ZA,-33.0153,27.9116,71.62,67,0,17.76,clear sky
84,Tevaitoa,PF,-16.7833,-151.5,80.92,76,96,15.82,light rain
85,Huntingdon,GB,52.3305,-0.1865,42.64,95,93,5.91,overcast clouds
86,Capreol,CA,46.706,-80.9225,16.27,79,100,13.8,overcast clouds
87,Padang,ID,-0.9492,100.3543,78.85,82,90,1.05,overcast clouds
88,Sibolga,ID,1.7427,98.7792,83.98,69,43,2.55,scattered clouds
89,Marquette,US,46.5333,-87.6335,8.67,71,100,7.81,overcast clouds
90,Pisco,PE,-13.7,-76.2167,69.85,83,0,16.11,clear sky
91,Kochki,RU,54.3358,80.4806,-10.57,100,100,0.81,overcast clouds
92,Tuktoyaktuk,CA,69.4541,-133.0374,-5.8,77,100,21.85,light snow
93,Vestmannaeyjar,IS,63.4427,-20.2734,37.45,97,100,14.5,moderate rain
94,Klaksvik,FO,62.2266,-6.589,49.12,84,74,34.92,broken clouds
95,Faya,SA,18.3851,42.4509,51.91,46,100,4.76,overcast clouds
96,Muros,ES,42.7762,-9.0603,46.24,89,3,4.99,clear sky
97,Tasiilaq,GL,65.6145,-37.6368,1.38,40,0,12.03,clear sky
98,Ulmu,RO,44.95,27.3167,25.68,67,15,7.96,few clouds
99,Hammerfest,NO,70.6634,23.6821,37.85,70,75,33.38,broken clouds
100,Anito,PH,12.4497,125.2886,82.06,74,85,9.86,overcast clouds
101,Khatanga,RU,71.9667,102.5,10.87,94,100,11.83,light snow
102,Alausi,EC,-2.2,-78.8333,51.3,97,100,2.04,light rain
103,Inhambane,MZ,-23.865,35.3833,75.52,86,92,15.52,light rain
104,Maceio,BR,-9.6658,-35.7353,78.24,83,20,2.3,few clouds
105,Kirya,TZ,-3.9167,37.4833,69.94,72,85,3.47,overcast clouds
106,Kamenka,RU,51.3223,42.7678,17.74,96,100,5.55,overcast clouds
107,New Norfolk,AU,-42.7826,147.0587,86.9,24,96,3.0,overcast clouds
108,Muana,BR,-1.5283,-49.2167,74.95,94,73,4.72,broken clouds
109,Sioux Lookout,CA,50.1001,-91.917,-12.62,84,0,5.75,clear sky
110,Mogadishu,SO,2.0371,45.3438,75.76,83,99,18.45,overcast clouds
111,Taksimo,RU,56.3444,114.8794,-9.54,96,76,1.01,broken clouds
112,Muzhi,RU,65.3667,64.6667,2.35,93,31,5.64,scattered clouds
113,Ndago,TZ,-4.6,34.35,61.56,94,100,1.12,light rain
114,Huarmey,PE,-10.0681,-78.1522,71.69,85,11,8.08,few clouds
115,Erzincan,TR,39.75,39.5,20.41,85,100,6.73,overcast clouds
116,Buraydah,SA,26.326,43.975,43.25,37,0,8.55,clear sky
117,Ilebo,CD,-4.3167,20.5833,69.31,96,99,1.5,overcast clouds
118,Hualmay,PE,-11.0964,-77.6139,71.42,86,8,9.91,clear sky
119,Lashio,MM,22.9333,97.75,61.2,57,8,0.74,clear sky
120,Sambava,MG,-14.2667,50.1667,75.22,91,100,3.53,overcast clouds
121,Nikolskoye,RU,59.7035,30.7861,19.29,100,97,2.35,overcast clouds
122,Dalvik,IS,65.9702,-18.5286,33.73,92,100,6.38,snow
123,Bahia Honda,CU,22.9036,-83.1592,71.04,88,97,7.47,overcast clouds
124,Yurla,RU,59.3259,54.3223,5.59,98,100,5.3,overcast clouds
125,Mao,ES,39.8885,4.2658,45.16,81,75,3.44,broken clouds
126,Puerto Escondido,MX,15.85,-97.0667,76.46,78,0,5.97,clear sky
127,Lincoln,US,40.8,-96.667,45.84,47,85,7.0,overcast clouds
128,Rio Cuarto,AR,-33.1307,-64.3499,68.67,99,36,4.0,scattered clouds
129,Norman Wells,CA,65.282,-126.8329,-0.36,65,75,4.61,broken clouds
130,Butaritari,KI,3.0707,172.7902,82.56,72,54,13.78,broken clouds
131,Bengkulu,ID,-3.8004,102.2655,83.28,66,76,0.38,broken clouds
132,Sakharovo,RU,56.8995,36.0502,5.99,99,92,3.96,overcast clouds
133,Cherskiy,RU,68.75,161.3,-47.69,100,96,6.42,overcast clouds
134,Shache,CN,38.4167,77.2406,26.55,44,100,4.72,overcast clouds
135,Alamosa,US,37.4695,-105.87,23.67,79,0,8.05,clear sky
136,Dikson,RU,73.5069,80.5464,-12.51,100,97,6.51,overcast clouds
137,Matagami,CA,49.7502,-77.6328,1.51,78,100,13.8,snow
138,Kaitangata,NZ,-46.2817,169.8464,63.93,48,10,12.15,clear sky
139,Guerrero Negro,MX,27.9769,-114.0611,61.29,72,0,9.28,clear sky
140,Grindavik,IS,63.8424,-22.4338,32.47,86,100,23.02,light snow
141,Berdigestyakh,RU,62.0989,126.6992,-6.3,97,89,4.61,overcast clouds
142,Rio Grande,BR,-32.035,-52.0986,76.95,84,10,9.98,clear sky
143,Muroto,JP,33.2833,134.15,46.44,90,100,15.57,light rain
144,Odessa,UA,46.4775,30.7326,24.73,93,0,8.95,clear sky
145,Saint-Joseph,RE,-21.3667,55.6167,79.16,79,39,11.97,scattered clouds
146,San Patricio,US,28.017,-97.5169,52.84,46,100,6.69,overcast clouds
147,Uppsala,SE,60.0,17.75,26.98,80,100,5.75,overcast clouds
148,Bredasdorp,ZA,-34.5322,20.0403,79.29,94,52,1.14,broken clouds
149,Ust-Tsilma,RU,65.441,52.1498,-2.83,98,38,4.05,scattered clouds
150,Saint-Philippe,RE,-21.3585,55.7679,80.15,81,59,14.07,broken clouds
151,Aborlan,PH,9.4352,118.5492,84.13,69,47,6.55,scattered clouds
152,San Cristobal,VE,7.7669,-72.225,71.78,83,99,0.47,overcast clouds
153,Hambantota,LK,6.1241,81.1185,70.14,100,20,4.61,few clouds
154,Carballo,ES,43.213,-8.691,40.68,75,2,3.94,clear sky
155,Akureyri,IS,65.6835,-18.0878,33.73,93,100,6.91,overcast clouds
156,Pacific Grove,US,36.6177,-121.9166,56.62,61,22,1.99,few clouds
157,Rawson,AR,-43.3002,-65.1023,67.51,37,9,20.0,clear sky
158,Yerbogachen,RU,61.2767,108.0108,-7.62,100,98,4.52,overcast clouds
159,Aklavik,CA,68.2191,-135.0107,-1.37,94,100,13.6,overcast clouds
160,Cabo San Lucas,MX,22.8909,-109.9124,71.06,63,14,7.36,few clouds
161,Hofn,IS,64.2539,-15.2082,45.91,88,100,50.58,moderate rain
162,Baiyin,CN,36.5583,104.2081,22.08,39,100,3.09,overcast clouds
163,Tulagi,SB,-9.0996,160.1476,84.56,73,60,11.07,broken clouds
164,Bandarbeyla,SO,9.4942,50.8122,74.35,75,79,17.27,broken clouds
165,Narsaq,GL,60.9167,-46.05,6.03,66,99,11.18,overcast clouds
166,Lebu,CL,-37.6167,-73.65,54.73,79,0,2.8,clear sky
167,Moree,AU,-29.4667,149.85,86.02,32,40,5.75,scattered clouds
168,San Juan De La Maguana,DO,18.8059,-71.2299,65.37,75,0,1.05,clear sky
169,Sobolevo,RU,54.4299,31.8996,9.45,96,96,7.09,overcast clouds
170,Cape Town,ZA,-33.9258,18.4232,79.21,67,0,1.01,clear sky
171,Tjome,NO,59.1109,10.3933,35.83,98,99,2.3,overcast clouds
172,Lorengau,PG,-2.0226,147.2712,84.2,69,100,8.05,overcast clouds
173,Koroni,GR,36.8,21.95,40.06,74,86,12.1,overcast clouds
174,Iquique,CL,-20.2208,-70.1431,66.24,79,78,0.65,broken clouds
175,Karratha,AU,-20.7377,116.8463,96.06,39,53,2.37,broken clouds
176,Murud,IN,18.3258,72.965,72.79,61,33,9.55,scattered clouds
177,Victoria,HK,22.2855,114.1577,74.17,84,68,3.0,broken clouds
178,Galle,LK,6.0367,80.217,76.64,79,68,2.93,broken clouds
179,Mehamn,NO,71.0357,27.8492,34.9,81,94,28.95,overcast clouds
180,Axim,GH,4.8699,-2.2405,76.62,83,0,1.43,clear sky
181,Matay,EG,28.419,30.7792,46.44,55,0,6.15,clear sky
182,Kamenz,DE,51.268,14.0937,40.08,31,100,7.36,overcast clouds
183,Bathsheba,BB,13.2167,-59.5167,75.81,73,40,12.66,scattered clouds
184,Oktyabrskiy,RU,54.4815,53.471,8.69,93,100,3.18,overcast clouds
185,Kununurra,AU,-15.7667,128.7333,89.58,70,75,4.61,broken clouds
186,Saint-Ambroise,CA,48.5501,-71.3324,10.94,72,100,8.05,overcast clouds
187,Quelimane,MZ,-17.8786,36.8883,72.39,97,100,5.79,light rain
188,Miandrivazo,MG,-19.5167,45.4667,77.72,89,100,3.42,overcast clouds
189,Mersing,MY,2.4312,103.8405,84.11,79,40,3.44,scattered clouds
190,Kangaatsiaq,GL,68.3065,-53.4641,-2.29,83,100,12.53,overcast clouds
191,Nishihara,JP,26.1842,127.7558,70.88,92,100,19.57,overcast clouds
192,Kashi,CN,39.4547,75.9797,25.81,46,40,4.47,scattered clouds
193,Te Anau,NZ,-45.4167,167.7167,69.42,40,6,3.85,clear sky
194,Tual,ID,-5.6667,132.75,82.56,79,91,13.85,overcast clouds
195,Ambilobe,MG,-13.2,49.05,74.82,95,100,9.75,heavy intensity rain
196,Bedford,GB,52.1346,-0.4663,42.51,95,98,5.53,overcast clouds
197,Dunedin,NZ,-45.8742,170.5036,60.8,61,3,7.0,clear sky
198,Ambulu,ID,-8.345,113.6058,83.95,71,96,7.27,overcast clouds
199,Cayenne,GF,4.9333,-52.3333,77.09,89,75,3.44,broken clouds
200,Husavik,IS,66.0449,-17.3389,33.71,89,100,3.74,overcast clouds
201,Acari,PE,-15.4311,-74.6158,72.52,87,60,4.36,broken clouds
202,Garden City,US,42.3256,-83.331,27.01,73,100,1.99,overcast clouds
203,Orito,CO,0.6766,-76.8771,73.44,83,15,4.41,few clouds
204,Nhulunbuy,AU,-12.2333,136.7667,88.41,70,40,4.61,light rain
205,Half Moon Bay,US,37.4636,-122.4286,60.98,56,0,0.0,clear sky
206,Taltal,CL,-25.4,-70.4833,66.83,78,4,2.06,clear sky
207,Kismayo,SO,-0.3582,42.5454,77.61,82,97,15.59,overcast clouds
208,Erenhot,CN,43.6475,111.9767,10.96,75,100,9.46,snow
209,Hay River,CA,60.8156,-115.7999,-0.42,85,100,5.75,snow
210,Urubicha,BO,-15.3833,-62.95,71.56,98,50,2.57,scattered clouds
211,Sakhon Nakhon,TH,17.1612,104.1472,75.88,96,75,2.3,mist
212,Amapa,BR,1.0,-52.0,71.15,98,39,2.42,scattered clouds
213,Kaeo,NZ,-35.1,173.7833,73.33,74,100,6.15,overcast clouds
214,Tambacounda,SN,13.7539,-13.7586,77.36,11,46,11.27,scattered clouds
215,Lagoa,PT,39.05,-27.9833,58.71,57,100,5.03,overcast clouds
216,Marand,IR,38.4329,45.7749,8.94,83,100,3.87,overcast clouds
217,Lacarak,RS,45.0022,19.5686,29.21,62,6,6.98,clear sky
218,Sao Filipe,CV,14.8961,-24.4956,73.74,77,100,5.35,overcast clouds
219,Richards Bay,ZA,-28.783,32.0377,71.94,69,99,4.94,overcast clouds
220,Brae,GB,60.3964,-1.353,48.11,93,94,25.66,overcast clouds
221,Hargeysa,SO,9.56,44.065,55.6,92,35,5.84,scattered clouds
222,Aykhal,RU,66.0,111.5,-6.99,99,53,7.74,broken clouds
223,Namibe,AO,-15.1961,12.1522,73.06,90,100,6.46,overcast clouds
224,Taywarah,AF,33.35,64.4167,-1.98,50,0,5.28,clear sky
225,Sawtell,AU,-30.3833,153.1,79.12,74,75,19.57,broken clouds
226,Songjianghe,CN,42.1859,127.479,17.1,70,81,4.21,broken clouds
227,Sibiti,CG,-3.6819,13.3499,67.15,97,38,0.74,scattered clouds
228,Hue,VN,16.4667,107.6,77.11,83,40,3.44,scattered clouds
229,Leshukonskoye,RU,64.8989,45.7622,-5.08,99,46,4.63,scattered clouds
230,Makat,KZ,47.6469,53.3463,15.28,83,60,12.55,broken clouds
231,Henderson,US,36.0397,-114.9819,57.24,31,0,12.66,clear sky
232,Santa Lucia,ES,27.9117,-15.5407,52.92,72,0,3.44,clear sky
233,Komsomolets,KZ,53.7453,62.0708,-10.84,99,99,2.55,overcast clouds
234,Upernavik,GL,72.7868,-56.1549,-11.56,64,71,5.21,broken clouds
235,Barrow,US,71.2906,-156.7887,-3.98,77,100,20.71,haze
236,Margate,GB,51.3813,1.3862,42.31,83,64,0.81,broken clouds
237,Griffith,US,41.5284,-87.4237,26.55,57,100,5.01,overcast clouds
238,Myitkyina,MM,25.3833,97.4,60.75,77,14,2.82,few clouds
239,Finschhafen,PG,-6.6024,147.8681,85.96,72,50,11.3,scattered clouds
240,Poladpur,IN,17.9802,73.466,72.14,68,98,1.01,overcast clouds
241,Port Elizabeth,ZA,-33.918,25.5701,72.1,88,0,16.11,clear sky
242,Quesnel,CA,52.9999,-122.5029,28.9,93,100,3.44,overcast clouds
243,Walvis Bay,Namibia,-22.9575,14.5053,73.09,83,86,5.75,overcast clouds
244,Ballangen,NO,68.3428,16.8315,41.22,60,75,13.8,light rain
245,Palmer,US,42.1584,-72.3287,19.85,76,89,3.02,overcast clouds
246,Lazarev,RU,52.225,141.5131,6.35,77,29,5.44,scattered clouds
247,Khilok,RU,51.3674,110.4676,7.5,90,100,1.72,light snow
248,The Valley,AI,18.217,-63.0578,77.09,67,0,15.48,clear sky
249,Ilulissat,GL,69.2167,-51.1,-11.88,70,7,10.74,clear sky
250,Qiongshan,CN,20.0058,110.3542,75.18,88,40,6.71,scattered clouds
251,Umm Lajj,SA,25.0213,37.2685,62.83,57,0,10.67,clear sky
252,Montagnana,IT,45.2287,11.4635,36.64,74,83,7.18,broken clouds
253,Gat,IL,31.61,34.7642,51.4,100,2,10.94,clear sky
254,Biak,ID,-0.9131,122.8766,84.45,65,76,2.24,broken clouds
255,Lasa,IT,46.6166,10.7002,33.3,91,35,7.23,scattered clouds
256,Port Lincoln,AU,-34.7333,135.8667,76.48,72,100,3.96,overcast clouds
257,Ranong,TH,9.9658,98.6348,78.73,62,35,1.1,scattered clouds
258,Shelburne,CA,44.0787,-80.2041,18.59,91,93,17.43,overcast clouds
259,Lidkoping,SE,58.5052,13.1577,33.82,3,100,4.43,overcast clouds
260,Miri,MY,4.4148,114.0089,86.14,70,40,1.14,scattered clouds
261,Ponta Delgada,PT,37.7333,-25.6667,58.5,62,75,5.75,broken clouds
262,Kawalu,ID,-7.3817,108.2082,83.62,70,70,1.86,broken clouds
263,Sorong,ID,-0.8833,131.25,82.45,73,85,2.35,overcast clouds
264,Aksarka,RU,66.5606,67.7975,-3.46,100,81,1.3,broken clouds
265,Isiro,CD,2.7739,27.616,61.81,66,50,1.97,scattered clouds
266,Olinda,BR,-8.0089,-34.8553,82.13,69,40,3.44,scattered clouds
267,Lima,PE,-12.0432,-77.0282,70.39,57,0,1.01,clear sky
268,Manokwari,ID,-0.8667,134.0833,81.01,82,100,8.21,overcast clouds
269,Havre-Saint-Pierre,CA,50.2334,-63.5986,21.2,85,100,9.22,overcast clouds
270,Hasaki,JP,35.7333,140.8333,45.28,72,100,6.13,overcast clouds
271,Shetpe,KZ,44.1667,52.1167,28.06,76,47,15.48,scattered clouds
272,Tuy Hoa,VN,13.0833,109.3,78.53,74,4,1.66,clear sky
273,Kabare,CD,-2.4683,28.8242,61.45,97,100,2.35,light rain
274,Rafai,CF,4.95,23.9167,64.44,39,29,1.81,scattered clouds
275,Srednekolymsk,RU,67.45,153.6833,-40.11,99,100,5.37,overcast clouds
276,Souillac,MU,-20.5167,57.5167,81.36,89,40,5.75,scattered clouds
277,Corrales,US,35.2378,-106.6067,42.17,53,0,1.01,clear sky
278,Tiksi,RU,71.6872,128.8694,-6.66,96,100,8.32,overcast clouds
279,Druzhba,UA,52.0428,33.9453,-0.29,100,100,3.02,overcast clouds
280,Fairbanks,US,64.8378,-147.7164,18.3,86,100,0.63,overcast clouds
281,Port Angeles,US,48.1181,-123.4307,44.29,97,0,3.44,clear sky
282,Sitka,US,57.0531,-135.33,41.72,97,100,5.57,moderate rain
283,Lastoursville,GA,-0.8143,12.7287,73.78,78,100,1.99,overcast clouds
284,Simao,CN,22.7886,100.9748,59.97,52,1,3.13,clear sky
285,Kargil,IN,34.5667,76.1,7.34,93,100,1.88,light snow
286,Inuvik,CA,68.3499,-133.7218,2.19,91,100,12.75,overcast clouds
287,Matara,LK,5.9485,80.5353,76.77,78,76,2.62,broken clouds
288,Henties Bay,Namibia,-22.116,14.2845,72.86,85,97,4.32,overcast clouds
289,Berlevag,NO,70.8578,29.0864,33.55,82,88,27.92,overcast clouds
290,Zeya,RU,53.75,127.2667,5.94,70,4,1.3,clear sky
291,Templemore,IE,52.7947,-7.8339,33.37,96,84,4.63,broken clouds
292,Samur,RU,41.8253,48.486,37.44,65,100,3.83,overcast clouds
293,Mazara Del Vallo,IT,37.6641,12.588,44.55,67,0,7.85,clear sky
294,Puerto Suarez,BO,-18.95,-57.8,78.62,64,15,2.73,few clouds
295,Okrika,NG,4.7416,7.0849,77.63,86,6,3.56,clear sky
296,Kralendijk,BQ,12.15,-68.2667,78.85,67,6,20.54,clear sky
297,Salinopolis,BR,-0.6136,-47.3561,78.3,86,99,8.81,overcast clouds
298,Mahebourg,MU,-20.4081,57.7,81.25,75,66,7.58,broken clouds
299,Leningradskiy,RU,69.3833,178.4167,-16.55,92,100,17.36,overcast clouds
300,Sept-Iles,CA,50.2001,-66.3821,6.06,88,75,1.01,broken clouds
301,Nsanje,MW,-16.92,35.262,71.04,97,100,4.32,light rain
302,Severo-Kurilsk,RU,50.6789,156.125,27.48,87,90,12.95,light snow
303,Waingapu,ID,-9.6567,120.2641,87.44,65,62,15.64,broken clouds
304,Kieta,PG,-6.2167,155.6333,86.32,71,52,9.69,light rain
305,Sur,OM,22.5667,59.5289,64.56,59,0,12.33,clear sky
306,Kahului,US,20.8947,-156.47,76.96,75,7,5.99,clear sky
307,Dryden,CA,49.7833,-92.7503,-15.38,100,80,4.36,broken clouds
308,Cidreira,BR,-30.1811,-50.2056,76.82,88,2,16.58,clear sky
309,Lompoc,US,34.6391,-120.4579,59.14,63,5,11.01,clear sky
310,Yangambi,CD,0.8102,24.4336,68.34,70,69,2.21,broken clouds
311,Ridgecrest,US,35.6225,-117.6709,56.64,19,3,4.0,clear sky
312,Yinchuan,CN,38.4681,106.2731,30.54,49,19,0.38,few clouds
313,Marawi,PH,7.9986,124.2928,72.64,77,69,3.67,broken clouds
314,Hami,CN,42.8,93.45,26.58,47,0,2.95,clear sky
315,Lancaster,US,40.2504,-76.2499,23.04,61,100,3.91,overcast clouds
316,Kalabo,ZM,-14.97,22.6814,62.06,92,38,6.76,light rain
317,Big Rapids,US,43.6981,-85.4837,22.75,71,100,4.61,overcast clouds
318,Necochea,AR,-38.5473,-58.7368,69.04,95,100,11.34,overcast clouds
319,Ahipara,NZ,-35.1667,173.1667,71.1,65,99,7.18,overcast clouds
320,Kemin,KG,42.7846,75.6892,24.4,80,100,2.35,overcast clouds
321,Aurdal,NO,60.9242,9.4159,26.96,98,100,5.44,overcast clouds
322,Bambous Virieux,MU,-20.3428,57.7575,81.21,75,61,6.91,broken clouds
323,Haines Junction,CA,60.7522,-137.5108,28.42,96,64,5.06,broken clouds
324,Salto,UY,-31.3833,-57.9667,90.25,38,74,3.49,broken clouds
325,Spearfish,US,44.4908,-103.8594,43.88,61,100,8.99,overcast clouds
326,Hailar,CN,49.2,119.7,-5.44,96,98,3.67,overcast clouds
327,Altea,ES,38.5989,-0.0514,50.92,75,57,4.27,broken clouds
328,Kungurtug,RU,50.5994,97.5228,5.72,94,100,1.72,overcast clouds
329,Balad,IQ,34.0164,44.1453,39.06,53,0,5.08,clear sky
330,Dong Hoi,VN,17.4833,106.6,73.56,83,92,0.74,overcast clouds
331,Tautira,PF,-17.7333,-149.15,82.42,75,74,15.46,broken clouds
332,Partizanskoye,RU,55.5006,94.39,-3.84,95,100,2.82,overcast clouds
333,Ndjole,GA,-0.1783,10.7649,74.62,96,100,1.23,overcast clouds
334,Birao,CF,10.2849,22.7882,63.7,22,99,5.82,overcast clouds
335,Vao,NC,-22.6667,167.4833,76.71,82,33,14.18,scattered clouds
336,Rajula,IN,21.05,71.4333,59.59,61,3,6.82,clear sky
337,Komsomolskiy,UZ,40.4272,71.7189,35.02,86,75,0.0,mist
338,Tura,IN,25.5198,90.2201,65.97,48,67,1.81,broken clouds
339,Guntur,IN,16.3,80.45,75.09,86,31,8.25,scattered clouds
340,Alofi,NU,-19.0595,-169.9187,81.5,76,50,12.73,scattered clouds
341,Puerto Madryn,AR,-42.7692,-65.0385,68.29,37,2,19.3,clear sky
342,Poronaysk,RU,49.2167,143.1167,11.21,73,7,1.32,clear sky
343,Luwingu,ZM,-10.2621,29.9271,60.22,98,100,2.68,light rain
344,Trinidad,BO,-14.8333,-64.9,72.23,98,83,3.87,broken clouds
345,Stephenville,US,32.2207,-98.2023,44.92,44,0,3.44,clear sky
346,Kirakira,SB,-10.4544,161.9205,86.13,70,93,7.83,overcast clouds
347,Gangiova,RO,43.9,23.85,24.58,67,5,11.65,clear sky
348,Callaway,US,30.153,-85.5699,41.0,81,100,3.0,overcast clouds
349,Bousse,BF,12.6606,-1.8922,62.08,15,2,9.91,clear sky
350,Emirdag,TR,39.0197,31.15,17.42,95,100,12.35,light snow
351,Mahanoro,MG,-19.9,48.8,79.61,90,100,12.03,moderate rain
352,Katobu,ID,-4.9408,122.5276,87.13,60,70,8.1,broken clouds
353,Kruisfontein,ZA,-34.0033,24.7314,68.88,85,0,6.13,clear sky
354,Riyadh,SA,24.6877,46.7219,46.54,29,2,6.6,clear sky
355,Dhidhdhoo,MV,6.8833,73.1,80.83,67,91,11.86,overcast clouds
356,Avarua,CK,-21.2078,-159.775,78.85,89,75,17.27,moderate rain
357,Dukat,RU,62.55,155.55,-27.44,98,20,5.21,few clouds
358,Praesto,DK,55.1178,12.0573,41.94,97,98,7.76,overcast clouds
359,Gimbi,ET,9.1667,35.8333,56.46,52,100,1.81,overcast clouds
360,Locri,IT,38.2414,16.2623,48.56,74,1,8.05,clear sky
361,Dolores,AR,-36.3132,-57.6792,69.55,99,100,3.62,overcast clouds
362,Mahibadhoo,MV,3.7833,72.9667,80.83,65,98,9.4,overcast clouds
363,Acarau,BR,-2.8856,-40.12,78.21,83,82,9.31,broken clouds
364,Bardsir,IR,29.9227,56.5743,33.28,21,0,2.17,clear sky
365,Chilca,PE,-12.5211,-76.7372,70.84,87,7,6.26,clear sky
366,Sombrio,BR,-29.1139,-49.6167,80.94,88,3,4.5,clear sky
367,Kenai,US,60.5544,-151.2583,35.02,96,100,5.08,light rain
368,Katsuura,JP,35.1333,140.3,48.11,55,100,5.44,overcast clouds
369,Rahden,DE,52.4333,8.6167,41.25,94,100,6.42,overcast clouds
370,Lubango,AO,-14.9172,13.4925,63.12,65,97,3.98,overcast clouds
371,Hoi An,VN,15.8794,108.335,80.56,81,19,4.85,few clouds
372,Sao Joao Da Barra,BR,-21.6403,-41.0511,75.38,86,68,9.15,broken clouds
373,Yenagoa,NG,4.9247,6.2642,76.53,90,4,1.95,clear sky
374,Bangkalan,ID,-7.0455,112.7351,87.75,71,100,7.18,overcast clouds
375,Burnie,AU,-41.0667,145.9167,73.94,53,100,7.05,overcast clouds
376,Zhangye,CN,38.9342,100.4517,26.15,42,9,2.46,clear sky
377,Kurilsk,RU,45.2333,147.8833,26.6,64,99,14.83,overcast clouds
378,Gusau,NG,12.1628,6.6614,61.75,16,2,11.16,clear sky
379,Broken Hill,AU,-31.95,141.4333,79.57,38,100,16.33,overcast clouds
380,Itarema,BR,-2.9248,-39.9167,78.03,82,72,8.52,broken clouds
381,Karasuk,RU,53.7377,78.0403,-10.64,100,84,3.33,broken clouds
382,Belmonte,BR,-15.8631,-38.8828,81.1,85,7,7.85,clear sky
383,Jieshi,CN,22.8134,115.8257,66.94,79,52,5.26,broken clouds
384,Sisimiut,GL,66.9395,-53.6735,8.94,74,100,18.54,overcast clouds
385,Udachnyy,RU,66.4167,112.4,-13.95,99,32,4.54,scattered clouds
386,Kargopol,RU,61.5071,38.9456,-15.2,100,100,2.57,overcast clouds
387,Sao Miguel Do Araguaia,BR,-13.275,-50.1628,73.02,86,8,2.86,clear sky
388,Lusambo,CD,-4.9667,23.45,66.58,99,100,1.63,light rain
389,Sembakung,ID,3.8167,117.25,82.33,64,96,1.32,overcast clouds
390,Ola,RU,59.5833,151.2833,-2.67,83,8,5.08,clear sky
391,Kahuta,PK,33.5913,73.3868,46.85,90,100,7.38,overcast clouds
392,Gillette,US,44.2911,-105.5022,39.06,65,100,11.5,overcast clouds
393,Iskateley,RU,67.6803,53.1512,5.94,93,100,12.01,overcast clouds
394,Deputatskiy,RU,69.3,139.9,-14.48,95,99,5.55,overcast clouds
395,Rio Gallegos,AR,-51.6226,-69.2181,49.95,81,100,14.5,light rain
396,Correderos,HN,15.4167,-88.45,66.45,98,45,0.92,scattered clouds
397,Vredendal,ZA,-31.6683,18.5012,81.48,41,18,5.79,few clouds
398,Amudat,UG,1.95,34.95,67.23,49,64,4.45,broken clouds
399,Sault Sainte Marie,CA,46.5168,-84.3333,15.89,76,100,8.05,snow
400,Labuhan,ID,-6.8844,112.2051,79.77,80,96,6.62,overcast clouds
401,Atbasar,KZ,51.8,68.3333,-0.35,91,100,6.96,overcast clouds
402,Yarmouth,US,41.7057,-70.2286,29.14,81,0,1.99,clear sky
403,Kloulklubed,PW,7.0419,134.2556,82.9,80,98,22.15,overcast clouds
404,Mecca,SA,21.4267,39.8261,66.99,80,35,2.48,scattered clouds
405,Yellowknife,CA,62.456,-114.3525,-11.58,86,100,10.0,overcast clouds
406,Praia Da Vitoria,PT,38.7333,-27.0667,56.75,80,97,5.55,overcast clouds
407,Atakpame,TG,7.5333,1.1333,72.01,26,2,3.76,clear sky
408,Bereda,ES,43.2686,-7.5406,32.58,97,3,1.03,clear sky
409,Pascagoula,US,30.3658,-88.5561,35.82,88,0,0.0,clear sky
410,Torbay,CA,47.6666,-52.7314,24.58,85,100,4.0,overcast clouds
411,Wellington,NZ,-41.2866,174.7756,71.76,72,86,1.99,overcast clouds
412,Xacmaz,AZ,41.4635,48.806,33.42,76,99,4.83,overcast clouds
413,Lesnoy,RU,57.6198,63.0784,-2.27,99,42,4.38,scattered clouds
414,Nisia Floresta,BR,-6.0911,-35.2086,79.61,78,4,4.43,clear sky
415,Pangnirtung,CA,66.1451,-65.7125,1.63,96,100,5.95,light snow
416,Tamandare,BR,-8.7597,-35.1047,78.69,77,33,5.3,scattered clouds
417,Cuajinicuilapa,MX,16.4667,-98.4167,74.19,78,0,1.41,clear sky
418,Marabba,SD,12.35,32.1833,66.96,24,59,12.15,broken clouds
419,Ancud,CL,-41.8697,-73.8203,58.23,95,100,23.76,moderate rain
420,Vardo,NO,70.3705,31.1107,31.1,90,100,34.56,light snow
421,Cockburn Town,TC,21.4612,-71.1419,78.24,71,1,13.22,clear sky
422,Newport,GB,51.5877,-2.9984,41.86,80,11,0.34,few clouds
423,Caucaia,BR,-3.7361,-38.6531,83.07,75,20,8.05,few clouds
424,Anloga,GH,5.7947,0.8973,79.23,77,0,4.52,clear sky
425,Keetmanshoop,Namibia,-26.5833,18.1333,76.59,29,93,14.72,overcast clouds
426,Kargasok,RU,59.0556,80.8572,2.93,98,100,4.68,overcast clouds
427,Oktyabrskoye,RU,43.0645,44.7417,26.74,92,80,2.24,broken clouds
428,Cordoba,AR,-31.4135,-64.1811,73.76,87,75,1.99,broken clouds
429,Banamba,ML,13.55,-7.45,61.09,19,12,8.81,few clouds
430,Portland,US,45.5234,-122.6762,46.98,86,10,5.01,clear sky
431,Naze,JP,28.3667,129.4833,62.01,81,100,17.69,overcast clouds
432,Santa Barbara,US,34.7333,-120.0343,52.45,63,0,6.91,clear sky
433,Mattru,SL,7.6244,-11.8332,68.85,88,0,2.24,clear sky
434,Luderitz,Namibia,-26.6481,15.1594,82.67,47,94,15.12,overcast clouds
435,Sindor,RU,62.8629,51.8905,-1.82,99,65,4.47,broken clouds
436,Kamaishi,JP,39.2667,141.8833,39.09,55,100,2.1,overcast clouds
437,Nioro,GM,13.35,-15.75,75.72,13,22,7.4,few clouds
438,Thiruvananthapuram,IN,8.4833,76.9167,82.38,78,20,6.91,haze
439,Andrelandia,BR,-21.7397,-44.3092,64.76,96,54,2.28,broken clouds
440,Ukiah,US,39.1502,-123.2078,59.04,41,0,0.0,clear sky
441,Calama,CL,-22.4667,-68.9333,58.01,41,98,3.98,overcast clouds
442,Xapuri,BR,-10.6517,-68.5044,71.89,99,57,1.72,broken clouds
443,Hobyo,SO,5.3505,48.5268,77.11,71,91,20.71,overcast clouds
444,Bulgan,MN,48.8125,103.5347,5.16,92,86,1.41,overcast clouds
445,Nizhneangarsk,RU,55.7833,109.55,4.73,80,12,2.91,few clouds
446,Nelson Bay,AU,-32.7167,152.15,79.77,68,77,3.0,broken clouds
447,Santa Ana,US,33.7456,-117.8678,68.16,22,20,4.0,few clouds
448,Eureka,US,40.8021,-124.1637,55.36,78,0,7.94,clear sky
449,Tsabong,BW,-26.0217,22.401,69.69,28,70,8.63,broken clouds
450,Pangody,RU,65.85,74.4859,-4.45,100,100,4.74,overcast clouds
451,Ust-Omchug,RU,61.15,149.6333,-22.52,96,95,4.05,overcast clouds
452,Strezhevoy,RU,60.7333,77.5889,4.98,100,98,1.83,overcast clouds
453,Okhotsk,RU,59.3833,143.3,-5.04,80,40,13.65,scattered clouds
454,Bozoum,CF,6.3193,16.3799,65.3,29,81,3.04,broken clouds
455,Leua,SK,48.2156,18.6071,29.1,79,100,8.37,overcast clouds
456,Acapulco,MX,16.8634,-99.8901,76.03,75,2,5.17,clear sky
457,Cururupu,BR,-1.8283,-44.8683,73.98,97,71,3.09,broken clouds
458,Belaya Gora,RU,68.5333,146.4167,-23.08,93,100,3.83,overcast clouds
459,Boddam,GB,57.4667,-1.7833,47.12,86,98,6.33,overcast clouds
460,Omaha,US,41.2586,-95.9378,46.35,47,100,8.01,overcast clouds
461,Lyubim,RU,58.3625,40.6843,-2.2,100,87,3.09,light snow
462,Gotsu,JP,35.0,132.2167,44.65,77,100,4.27,moderate rain
463,Phangnga,TH,8.4509,98.5298,86.83,56,73,2.24,broken clouds
464,Sheridan,US,44.8333,-106.9173,46.58,66,100,1.99,overcast clouds
465,Santa Maria Del Oro,MX,25.9333,-105.3667,51.84,39,17,11.56,few clouds
466,Puerto Colombia,CO,10.9878,-74.9547,78.89,83,1,25.26,clear sky
467,Codrington,AU,-38.2667,141.9667,87.44,31,73,15.39,broken clouds
468,Nicoya,CR,10.1483,-85.452,78.35,76,5,12.06,clear sky
469,Sangar,RU,63.9242,127.4739,-21.17,98,99,2.19,overcast clouds
470,Broome,US,42.2506,-75.833,21.45,47,100,3.0,overcast clouds
471,Namatanai,PG,-3.6667,152.4333,86.02,65,60,6.38,broken clouds
472,Yashan,CN,22.1975,109.9419,65.37,92,100,1.5,overcast clouds
473,Parry Sound,CA,45.3501,-80.033,24.22,82,94,14.65,light snow
474,Mandera,KE,3.9366,41.867,75.83,44,99,8.08,overcast clouds
475,Mosta,MT,35.9092,14.4256,51.46,87,75,5.75,broken clouds
476,Caetite,BR,-14.0694,-42.475,66.36,91,8,7.31,clear sky
477,Koutsouras,GR,35.0339,25.9469,45.1,66,13,20.4,few clouds
478,Chichester,GB,50.8367,-0.78,41.56,86,5,4.16,clear sky
479,Flinders,AU,-34.5833,150.8552,76.8,64,50,8.99,scattered clouds
480,Myaundzha,RU,63.0494,147.1858,-28.23,95,36,3.87,scattered clouds
481,Long Xuyen,VN,10.3833,105.4167,80.55,66,4,5.79,clear sky
482,Batemans Bay,AU,-35.7167,150.1833,77.92,57,36,7.58,scattered clouds
483,Tchamba,TG,9.0333,1.4167,72.09,16,2,8.77,clear sky
484,Jinka,ET,5.65,36.65,65.39,46,100,1.61,overcast clouds
485,Vila Velha,BR,-20.3297,-40.2925,73.94,96,20,2.3,few clouds
486,Huaihua,CN,27.5494,109.9592,40.26,92,100,5.21,overcast clouds
487,Verkhoyansk,RU,67.5447,133.385,-15.38,100,99,1.19,overcast clouds
488,San Nicolas,PH,18.1725,120.5953,85.95,60,62,6.87,broken clouds
489,Pinahat,IN,26.8839,78.3781,55.94,79,66,9.75,broken clouds
490,Peniche,PT,39.3558,-9.3811,48.92,75,30,13.13,scattered clouds
491,Akot,IN,21.0964,77.0586,66.24,64,0,9.82,clear sky
492,Tirlyanskiy,RU,54.2109,58.5806,2.8,98,87,2.93,overcast clouds
493,Porto Velho,BR,-8.7619,-63.9039,73.45,94,20,2.3,few clouds
494,Boyolangu,ID,-8.1181,111.8935,84.29,69,100,5.12,overcast clouds
495,Tan An,VN,10.5333,106.4167,84.22,55,11,7.58,few clouds
496,Kodinsk,RU,58.6881,99.1844,-2.99,99,100,0.92,overcast clouds
497,Corinto,GR,37.9407,22.9573,41.41,54,48,8.32,scattered clouds
498,Takoradi,GH,4.8845,-1.7554,77.92,82,0,4.72,clear sky
499,Karlshamn,SE,56.1706,14.8619,35.71,83,91,2.55,overcast clouds
500,Qingdao,CN,36.0986,120.3719,36.01,67,74,11.9,broken clouds
501,Nouadhibou,MR,20.931,-17.0347,66.2,76,83,12.59,broken clouds
502,Chifeng,CN,42.2683,118.9636,17.83,55,0,2.33,clear sky
503,Svetlaya,RU,46.5389,138.3297,18.5,52,0,1.77,clear sky
504,Whitehorse,CA,60.7161,-135.0538,22.93,93,69,6.51,broken clouds
505,Constantine,DZ,36.365,6.6147,40.41,93,75,0.0,broken clouds
506,Severo-Yeniseyskiy,RU,60.3725,93.0408,-5.62,100,86,2.84,overcast clouds
507,Port Hedland,AU,-20.3167,118.5667,95.05,55,100,11.5,overcast clouds
508,Dawlatabad,AF,36.4141,64.9053,30.97,76,6,4.12,clear sky
509,Prince Rupert,CA,54.3161,-130.3201,40.39,87,100,10.18,overcast clouds
510,Paraiso,CR,9.8383,-83.8656,67.06,96,68,4.79,broken clouds
511,Soyo,AO,-6.1349,12.3689,75.16,85,15,5.08,few clouds
512,Banda Aceh,ID,5.5577,95.3222,81.32,76,64,7.56,broken clouds
513,Yen Bai,VN,21.7,104.8667,69.13,83,94,1.77,overcast clouds
514,Williams Lake,CA,52.1415,-122.1445,15.22,89,100,3.09,overcast clouds
515,Vagamo,NO,61.8751,9.0967,30.97,96,95,3.56,overcast clouds
516,Purpe,RU,64.4803,76.6897,11.88,95,100,11.03,light snow
517,Monrovia,LR,6.3005,-10.7969,75.83,80,5,3.44,clear sky
518,Ahuimanu,US,21.4447,-157.8378,80.31,73,0,3.0,clear sky
519,Turukhansk,RU,65.8167,87.9833,5.95,94,100,13.09,overcast clouds
520,Port-De-Bouc,FR,43.4,4.9833,39.78,83,0,5.75,clear sky
521,Bonavista,CA,48.6499,-53.1147,24.12,72,100,9.69,overcast clouds
522,Chernitsyno,RU,51.5074,36.051,22.48,100,100,3.67,overcast clouds
523,Olafsvik,IS,64.8945,-23.7142,33.01,65,100,32.59,snow
524,Manta,EC,-0.95,-80.7333,78.58,78,100,3.44,overcast clouds
525,Semey,KZ,50.4111,80.2275,-16.38,76,0,6.71,clear sky
526,Pierre,US,44.3683,-100.351,39.85,75,100,13.0,overcast clouds
527,Balkanabat,TM,39.5108,54.3671,37.72,52,2,11.92,clear sky
528,Gravdal,NO,68.1214,13.5031,41.23,74,100,30.78,overcast clouds
529,Jinxiang,CN,27.4327,120.6062,60.26,89,94,3.91,overcast clouds
530,Khandyga,RU,62.6667,135.6,-25.15,97,99,0.83,overcast clouds
531,Itaituba,BR,-4.2761,-55.9836,73.8,98,100,1.52,overcast clouds
532,Verkhnyaya Toyma,RU,62.2349,44.9985,-6.05,100,99,2.42,overcast clouds
533,Vaitape,PF,-16.5167,-151.75,81.18,75,100,14.54,overcast clouds
534,Cody,US,44.5263,-109.0565,37.65,69,100,0.0,overcast clouds
535,Zaozerne,UA,45.1582,33.2787,29.84,72,43,10.42,scattered clouds
536,Mnogovershinnyy,RU,53.9353,139.9242,4.78,75,17,7.7,few clouds
537,Chhapra,IN,25.7667,84.75,57.18,69,87,10.07,overcast clouds
538,Tazovskiy,RU,67.4667,78.7,11.3,97,100,7.58,overcast clouds
539,Kadiri,IN,14.1167,78.1667,72.86,39,5,2.91,clear sky
540,Pankrushikha,RU,53.8319,80.3406,-6.92,100,92,2.26,overcast clouds
541,Rosetta,EG,31.4044,30.4164,54.84,72,57,20.09,broken clouds
542,Kabanjahe,ID,3.1001,98.4908,70.56,75,78,2.37,broken clouds
543,Santa Vitoria Do Palmar,BR,-33.5189,-53.3681,75.09,93,96,7.99,moderate rain
544,Niteroi,BR,-22.8833,-43.1036,78.58,83,56,5.75,broken clouds
545,Voyvozh,RU,62.892,54.9635,-2.27,99,90,4.88,overcast clouds
546,Saint-Georges,GD,12.0564,-61.7485,77.32,67,68,14.38,broken clouds
547,Chokwe,MZ,-24.5333,32.9833,69.71,85,79,9.01,light rain
548,Kudahuvadhoo,MV,2.6708,72.8944,80.49,69,100,11.25,overcast clouds
549,Hostotipaquillo,MX,21.0667,-104.0667,69.85,64,29,4.16,scattered clouds
550,Raduzhnyy,RU,62.0961,77.475,-7.22,100,100,3.87,overcast clouds
551,Salalah,OM,17.0151,54.0924,64.49,9,0,13.8,clear sky
552,Banjar,ID,-8.19,114.9675,85.91,65,72,5.3,broken clouds
553,Salair,RU,54.2312,85.7972,-2.87,100,98,1.92,overcast clouds
554,Hiroshima,JP,34.3963,132.4594,44.42,39,100,6.22,light rain
555,Penzance,GB,50.1186,-5.5371,43.77,83,73,7.45,broken clouds
556,Uruzgan,AF,32.8333,66.0,23.76,54,0,7.96,clear sky
557,Along,IN,28.1667,94.7667,54.05,82,100,0.16,overcast clouds
558,Mercedes,AR,-34.6515,-59.4307,69.89,97,55,17.05,moderate rain
559,Alyangula,AU,-13.8483,136.4192,86.18,68,100,2.35,overcast clouds
560,Rabo De Peixe,PT,37.8,-25.5833,56.71,97,75,5.75,broken clouds
561,Goundam,ML,16.4145,-3.6708,63.37,17,99,10.27,overcast clouds
562,Port Shepstone,ZA,-30.7414,30.455,68.34,81,35,7.2,scattered clouds
563,Matamoros,MX,25.5333,-103.25,57.31,52,40,5.75,scattered clouds
564,Oytal,KZ,42.9057,73.2697,30.43,86,100,2.95,overcast clouds
565,Chicama,PE,-7.8447,-79.1469,66.74,75,21,5.95,few clouds
566,La Macarena,CO,2.1837,-73.7849,76.71,64,86,3.09,overcast clouds
567,Chatra,IN,24.2167,84.8667,59.61,80,100,5.55,overcast clouds
568,Daru,PG,-9.0763,143.2092,87.35,61,99,8.19,overcast clouds
569,Sillod,IN,20.3,75.65,61.16,72,2,9.44,clear sky
570,Podosinovets,RU,60.2776,47.0659,9.25,97,100,2.48,light snow
571,Bagdarin,RU,54.4333,113.6,-0.27,79,5,1.1,clear sky
572,Businga,CD,3.3333,20.8833,66.58,48,59,0.54,broken clouds
573,Antofagasta,CL,-23.65,-70.4,63.68,79,72,4.59,broken clouds
574,Weiser,US,44.251,-116.9693,34.0,90,99,1.01,overcast clouds
575,Florianopolis,BR,-27.6146,-48.5012,78.03,77,40,4.0,scattered clouds
576,Dudinka,RU,69.4058,86.1778,11.62,95,100,13.62,light snow
577,Bulawayo,ZW,-20.15,28.5833,56.8,83,55,14.2,broken clouds
578,Beringovskiy,RU,63.05,179.3167,-6.21,93,100,7.63,overcast clouds
579,Tocopilla,CL,-22.092,-70.1979,68.85,78,70,7.38,broken clouds
580,Seoul,KR,37.5683,126.9778,42.31,41,100,3.2,overcast clouds
581,Dubbo,AU,-32.25,148.6167,78.93,47,75,9.22,broken clouds
582,Bronnoysund,NO,65.4625,12.1997,44.67,93,75,18.41,light rain
583,Oblivskaya,RU,48.5362,42.5014,24.53,95,100,8.72,snow
584,Thinadhoo,MV,0.5333,72.9333,82.11,69,98,13.85,light rain
585,Gimli,CA,50.6336,-96.9907,-15.88,98,24,6.78,few clouds
586,Vilhena,BR,-12.7406,-60.1458,68.05,96,31,1.88,scattered clouds
587,Ayagoz,KZ,47.9714,80.4392,-11.47,95,19,3.96,few clouds
588,Benalla,AU,-36.55,145.9833,87.15,24,0,5.97,clear sky
589,Obera,AR,-27.4871,-55.1199,81.79,45,20,2.68,few clouds
590,Linjiang,CN,41.8069,126.9078,24.13,73,89,1.79,overcast clouds
591,Ongandjera,Namibia,-17.8833,15.0667,72.55,56,99,10.13,overcast clouds
592,Santa Maria,BR,-29.6842,-53.8069,87.26,40,93,4.94,overcast clouds
593,Geraldton,AU,-28.7667,114.6,108.01,8,0,11.5,clear sky
594,Tchaourou,BJ,8.8865,2.5975,72.82,18,3,8.39,clear sky
595,Enumclaw,US,47.2043,-121.9915,39.36,97,38,2.91,scattered clouds
596,The Pas,CA,53.8251,-101.2541,-21.91,100,28,4.56,scattered clouds
597,Zenzeli,RU,45.9241,47.0474,39.29,87,100,23.47,overcast clouds
598,Stornoway,GB,58.2093,-6.3865,48.16,91,75,10.0,broken clouds
599,Sao Jose Da Coroa Grande,BR,-8.8978,-35.1478,78.84,77,21,5.73,few clouds
600,Ambunti,PG,-4.2365,142.8448,90.41,56,100,1.52,overcast clouds
601,Drochia,MD,48.035,27.8161,23.67,90,100,14.81,light snow
602,Sompeta,IN,18.9333,84.6,74.73,64,4,5.01,clear sky
603,Kambove,CD,-10.8764,26.5969,59.11,99,100,3.71,moderate rain
604,Beidaud,RO,44.7167,28.5667,24.82,77,80,14.58,broken clouds
605,Maarianhamina,AX,60.0973,19.9348,31.86,80,0,5.75,clear sky
606,Linqiong,CN,30.4159,103.4609,50.77,74,98,1.81,overcast clouds
607,Lokosovo,RU,61.1333,74.8167,-7.46,100,86,2.98,overcast clouds
608,Gyomaendrod,HU,46.9333,20.8333,24.01,70,0,5.44,clear sky
609,Tomaszow Lubelski,PL,50.4477,23.4162,27.81,92,100,12.88,overcast clouds
610,Oranjestad,AW,12.524,-70.027,78.75,69,20,17.27,few clouds
611,Barmer,IN,25.75,71.3833,52.83,31,0,5.75,clear sky
612,Kuytun,RU,54.3419,101.5036,8.49,94,100,5.23,overcast clouds
613,Zorritos,PE,-3.6805,-80.6782,75.96,74,59,9.19,broken clouds
614,Clyde River,CA,70.4692,-68.5914,-12.77,77,100,17.27,haze
615,Evensk,RU,61.95,159.2333,-14.67,81,1,5.55,clear sky
616,Homer,US,59.6425,-151.5483,42.04,73,75,0.0,broken clouds
617,Jibuti,DJ,11.5,42.5,66.36,82,31,8.86,scattered clouds
618,Lavrentiya,RU,65.5833,-171.0,-3.19,99,100,5.66,overcast clouds
619,Cairns,AU,-16.9167,145.7667,90.95,72,75,11.5,light rain
620,Vereshchagino,RU,58.0789,54.6557,12.45,94,100,5.1,snow
621,Lata,PT,40.1629,-8.3327,45.81,74,1,5.1,clear sky
622,Brzesko,PL,49.9691,20.6061,27.93,88,93,5.01,overcast clouds
623,Bozovici,RO,44.9389,22.0017,13.33,97,67,5.73,broken clouds
624,Gunjur,GM,13.2019,-16.7339,75.61,45,29,7.4,scattered clouds
625,Nome,US,64.5011,-165.4064,-11.52,100,100,5.23,overcast clouds
626,Paamiut,GL,61.994,-49.6678,15.39,77,100,18.95,overcast clouds
627,Canchungo,GW,12.0672,-16.0333,67.91,64,6,3.51,clear sky
628,Terrace Bay,CA,48.7834,-87.1,-7.04,94,74,10.33,broken clouds
629,Jining,CN,35.405,116.5814,39.13,67,86,9.91,overcast clouds
630,Bunbury,AU,-33.3333,115.6333,85.87,38,0,11.39,clear sky
631,Kiama,AU,-34.6833,150.8667,77.0,64,53,8.61,broken clouds
632,Talnakh,RU,69.4865,88.3972,11.21,95,100,10.02,snow
633,Pereslavl-Zalesskiy,RU,56.7393,38.8563,0.97,100,91,3.4,overcast clouds
634,Waipawa,NZ,-41.4122,175.5153,67.3,79,97,8.81,overcast clouds
635,Kiunga,PG,-6.1219,141.2906,88.03,58,84,4.05,broken clouds
636,Praia,CV,14.9215,-23.5087,72.14,73,40,6.91,scattered clouds
637,Bredy,RU,52.4153,60.3411,-7.65,98,98,4.38,overcast clouds
638,Yar-Sale,RU,66.8333,70.8333,0.86,100,96,1.66,overcast clouds
639,Lagos,NG,6.5833,3.75,72.14,92,1,1.7,clear sky
640,Magole,TZ,-6.3667,37.3667,69.98,97,100,2.15,moderate rain
641,Qeshm,IR,26.9581,56.2719,46.27,43,0,3.33,clear sky
642,Coihaique,CL,-45.5752,-72.0662,48.15,81,71,2.3,light rain
643,Bilibino,RU,68.0546,166.4372,-33.74,97,100,2.98,overcast clouds
644,Mogoytuy,RU,51.2833,114.9167,-2.02,94,100,2.15,overcast clouds
645,Caravelas,BR,-17.7125,-39.2481,74.66,87,3,4.47,clear sky
646,Waddan,LY,29.1614,16.139,47.1,70,1,5.95,clear sky
647,Ibimirim,BR,-8.5406,-37.6903,77.22,63,78,5.88,broken clouds
648,Uvat,RU,59.1433,68.8953,-3.17,100,83,4.09,broken clouds
649,Beshpagir,RU,45.0217,42.3808,29.62,99,100,2.77,overcast clouds
650,Ostersund,SE,63.1792,14.6357,41.45,81,100,16.11,overcast clouds
651,Demyansk,RU,57.643,32.466,-8.07,100,53,2.66,broken clouds
652,Mount Gambier,AU,-37.8333,140.7667,90.25,28,100,4.92,overcast clouds
653,Santa Rosa,PH,14.3122,121.1114,85.08,69,43,12.28,scattered clouds
654,Hamm,DE,51.6803,7.8209,42.3,92,100,4.88,overcast clouds
655,Barvinkove,UA,48.9097,37.0205,11.57,96,99,2.68,overcast clouds
656,Los Llanos De Aridane,ES,28.6585,-17.9182,60.55,86,0,5.99,clear sky
657,Omboue,GA,-1.5746,9.2618,75.72,90,99,6.31,overcast clouds
658,Mgachi,RU,51.05,142.2667,8.96,78,14,3.4,few clouds
659,Rocha,UY,-34.4833,-54.3333,72.41,85,56,7.0,light rain
660,Sayyan,YE,15.1718,44.3244,48.13,82,82,2.42,broken clouds
661,Saint-Francois,FR,46.4154,3.9054,36.48,96,100,0.0,mist
662,Bueno Brandao,BR,-22.4408,-46.3508,64.58,89,1,3.67,clear sky
663,La Rioja,ES,42.25,-2.5,33.12,69,0,3.06,clear sky
664,Jijiga,ET,9.35,42.8,56.48,58,13,2.73,few clouds
665,Mahasamund,IN,21.1,82.1,64.67,54,36,3.0,scattered clouds
666,Hellin,ES,38.5106,-1.701,43.14,96,99,3.13,overcast clouds
667,Thaba-Tseka,LS,-29.522,28.6084,46.11,72,99,1.63,overcast clouds
668,Monkey Bay,MW,-14.0728,34.9201,72.21,81,100,13.76,overcast clouds
669,Sohag,EG,26.557,31.6948,45.5,56,0,7.43,clear sky
670,Cozumel,MX,20.5083,-86.9458,75.94,88,24,8.99,few clouds
671,Suntar,RU,62.1444,117.6319,-2.96,95,16,5.99,few clouds
672,Vankleek Hill,CA,45.5168,-74.6493,3.25,96,100,6.6,overcast clouds
673,Kerema,PG,-7.9631,145.7785,85.15,71,50,10.42,scattered clouds
674,Temir,KZ,49.1414,57.13,2.16,96,15,8.48,few clouds
675,Batagay-Alyta,RU,67.8006,130.4114,-10.48,83,100,5.7,overcast clouds
676,Roald,NO,62.5833,6.1333,48.34,71,46,21.85,scattered clouds
677,Alice Springs,AU,-23.7,133.8833,89.15,55,40,8.05,scattered clouds
678,Kavaratti,IN,10.5669,72.642,79.93,64,98,10.29,overcast clouds
679,Tongchuan,CN,35.0806,109.0897,32.56,85,100,3.65,light snow
680,Port Blair,IN,11.6667,92.75,80.64,78,20,4.61,few clouds
681,Tiznit,MA,29.5833,-9.5,58.08,35,12,6.44,few clouds
682,Bled,SI,46.3692,14.1136,31.35,93,27,2.13,scattered clouds
683,La Ronge,CA,55.1001,-105.2842,-10.12,95,99,3.53,overcast clouds
684,Kavieng,PG,-2.5744,150.7967,84.69,69,100,4.97,overcast clouds
685,Karakol,KG,42.4907,78.3936,15.3,61,98,6.04,overcast clouds
686,Anjozorobe,MG,-18.4,47.8667,66.52,97,100,16.6,moderate rain
687,Maningrida,AU,-12.0667,134.2667,89.83,61,98,4.63,overcast clouds
688,Giyon,ET,8.5333,37.9833,53.91,46,100,7.56,overcast clouds
689,Saldanha,ZA,-33.0117,17.9442,70.63,68,18,5.61,few clouds
690,San Carlos,VE,9.6612,-68.5827,72.09,77,17,3.94,few clouds
691,Wajima,JP,37.4,136.9,42.22,65,100,8.21,overcast clouds
692,Leh,IN,34.1667,77.5833,4.3,78,100,3.18,overcast clouds
693,Pervomayskoye,RU,43.919,46.7102,31.84,90,100,4.09,overcast clouds
694,Honningsvag,NO,70.9821,25.9704,38.01,73,68,34.05,moderate rain
695,Rudbar,AF,30.15,62.6,36.09,55,0,4.74,clear sky
696,Guaruja,BR,-23.9931,-46.2564,84.16,26,9,2.66,clear sky
697,Banyo,CM,6.75,11.8167,63.23,34,13,1.88,few clouds
698,Saint-Augustin,CA,51.226,-58.6502,-6.48,100,96,3.65,overcast clouds
699,Trairi,BR,-3.2778,-39.2689,77.2,78,54,5.06,broken clouds
